{"_id":{"$oid":"65b25d91b78ef311af5750b5"},"numberId":"10c17b589-2192-40f4-ac9b-519fb7f1c464","quantity":"34","name":"Ampli lc 2,3-18v","image1":"ampli+lc+2,3-18+v.png","__v":0}
{"_id":{"$oid":"65b26051333d16a1ef764d13"},"numberId":"1bc2b9706-f391-49e6-91a6-a513874aad88","quantity":"20","name":"Driver rs232e 5v","image1":"driver+rs232e+5+v.png","__v":0}
{"_id":{"$oid":"65b2634396bfb9e803739fd7"},"numberId":"1adb40cde-8337-4b86-84e3-90b068f1e756","quantity":"7","name":"Thermometre dig","image1":"Thermometre-dig.png","__v":0}
{"_id":{"$oid":"65b264f0123ebe894eebf836"},"numberId":"12a7ef2f3-593c-4b9d-9e4c-a15a24c23d4f","quantity":"154","name":"Led 2mm Verte","image1":"led+2mm+verte.png","__v":0}
{"_id":{"$oid":"65b2653a123ebe894eebf83f"},"numberId":"1c41361c9-604e-4820-b85c-db408a298134","quantity":"326","name":"Led 2mm Rouge","image1":"led+2mm+rouge.png","__v":0}
{"_id":{"$oid":"65b2656a123ebe894eebf84e"},"numberId":"166d93ce2-a5c7-4063-af76-4c0b4c13a0fd","quantity":"204","name":"Led 2mm Jaune","image1":"led+2mm+jaune.png","__v":0}
{"_id":{"$oid":"65b265bd123ebe894eebf85c"},"numberId":"1dec2e00a-d1dd-4f98-84d2-d5e8f5bec458","quantity":"28","name":"Interrupteur en T","image1":"interrupteur+en+t.png","__v":0}
{"_id":{"$oid":"65b26608123ebe894eebf866"},"numberId":"1708b8299-7041-4b61-83ce-32e6c9a7eca7","quantity":"18","name":"Inverseur unipolaire","image1":"inverseur+unipolaire+esp101.png","__v":0}
{"_id":{"$oid":"65b266fc123ebe894eebf879"},"numberId":"1538a8476-98e1-476b-b3c5-7e914a18705b","quantity":"83","name":"Generateur de tension","image1":"generateur+de+tension.png","__v":0}
{"_id":{"$oid":"65b267f1123ebe894eebf894"},"numberId":"19c48f538-cc9c-4c7c-9ce7-2b706483432d","quantity":"67","name":"Amplificateur af 18v","image1":"amplificateur+af+18v.png","__v":0}
{"_id":{"$oid":"65b2690a123ebe894eebf8b9"},"numberId":"1b424d2d2-d1d7-44c5-ab21-e4501b81782f","quantity":"6","name":"Déflection verticale tv","image1":"deflection+verticale+tv.png","__v":0}
{"_id":{"$oid":"65b269ab123ebe894eebf8d8"},"numberId":"1a4c2b3c5-e323-4d42-b57f-443e33ffd940","quantity":"34","name":"Condensateur céramique bleu","image1":"condensateur+ceramique+bleu.png","__v":0}
{"_id":{"$oid":"65b26aba123ebe894eebf90c"},"numberId":"15ae92eb3-0653-4008-9d1b-0b5f726914de","quantity":"36","name":"Condensateur céramique Rouge","image1":"condensateur+ceramique.png","__v":0}
{"_id":{"$oid":"65b26b4a123ebe894eebf920"},"numberId":"16c56e9c1-cf6a-4478-ae31-1c54e0299329","quantity":"56","name":"Condensateur chimique lc","image1":"condensateur+chimique+bizarre.png","__v":0}
{"_id":{"$oid":"65b26bcb123ebe894eebf92d"},"numberId":"1f6de6cf9-39bb-4baf-8984-fa1ca0758584","quantity":"40","name":"Condensateur chimique marron foncé","image1":"condensateur+chimique+noir.png","__v":0}
{"_id":{"$oid":"65b26beb123ebe894eebf935"},"numberId":"1c003eb7d-673c-4422-bc90-2dd9d48afe4e","quantity":"36","name":"Condensateur chimique Bleu","image1":"condensateur+chimique+bleu.png","__v":0}
{"_id":{"$oid":"65b26c21123ebe894eebf93d"},"numberId":"1c815380e-2fa5-41b5-a4d2-0865542533c5","quantity":"66","name":"Condensateur chimique Rouge","image1":"condensateur+chimique.png","__v":0}
{"_id":{"$oid":"65b3c9df7abead9c3be370fc"},"numberId":"1868ddf79-e45e-4580-b2cb-ec64aa9233e7","quantity":"10","name":"Pack de resistance","image1":"","__v":0}
