{"_id":{"$oid":"65b38a94b7e93101685e85ed"},"numberId":"3776df6cd-80cd-4aec-ba71-7542cdf39f15","name":"Imprimante 3D","pret":{"$date":"2024-01-02T00:00:00Z"},"nbHeure":0,"image1":"imprimante3D.png","reserved":false,"id_user_reserved":"","is_late":false,"__v":0}
{"_id":{"$oid":"65b38d18b7e93101685e863e"},"numberId":"320dfd268-b461-4b9d-a377-92c5722e7503","name":"Plotteur de Découpe","pret":{"$date":"2024-01-02T00:00:00Z"},"nbHeure":0,"image1":"plotteurdecoupe.png","reserved":false,"id_user_reserved":"","is_late":false,"__v":0}
{"_id":{"$oid":"65b38d59b7e93101685e864e"},"numberId":"3ce86b04a-82a7-4d96-967d-6ba136574a33","name":"Scanner 3D","pret":{"$date":"2024-01-08T00:00:00Z"},"nbHeure":0,"image1":"scanner3D.png","reserved":false,"id_user_reserved":"","is_late":false,"__v":0}
{"_id":{"$oid":"65b38d76b7e93101685e865c"},"numberId":"3b63b0624-b7fa-4caf-abd2-0f64e7baa522","name":"Poste Electronique","pret":{"$date":"2024-01-02T00:00:00Z"},"nbHeure":0,"image1":"posteelectronique.png","reserved":false,"id_user_reserved":"","is_late":false,"__v":0}
{"_id":{"$oid":"65b38d8cb7e93101685e8662"},"numberId":"3c1ccc2bc-39c0-4e3b-863f-7d217eb439d5","name":"Sublimation","pret":{"$date":"2024-01-24T00:00:00Z"},"nbHeure":0,"image1":"sublimation.png","reserved":false,"id_user_reserved":"","is_late":false,"__v":0}
{"_id":{"$oid":"65b38d9fb7e93101685e8666"},"numberId":"3602f221e-0079-4ebe-bafd-4847ef3ba38a","name":"Fraiseuse CNC","pret":null,"nbHeure":0,"image1":"fraiseusecnc.png","reserved":false,"id_user_reserved":"","is_late":false,"__v":0}
{"_id":{"$oid":"65b38dbcb7e93101685e8673"},"numberId":"3543d56e9-4f67-465a-b243-3d4a8f0a93fe","name":"Découpeuse Laser","pret":{"$date":"2023-12-12T00:00:00Z"},"nbHeure":0,"image1":"decoupeuselaser.png","reserved":false,"id_user_reserved":"","is_late":false,"__v":0}
