{"_id":{"$oid":"65b3b45a918620d487fef3d7"},"numberId":"2e1fb77ff-780d-4617-bd25-4fdd7f4b6ca1","name":"Raspberry PI","pret":null,"nbJour":null,"image1":"raspberrypi.png","reserved":false,"id_user_reserved":"","is_late":false,"__v":0}
{"_id":{"$oid":"65b3b48e242748cfc0f15d0d"},"numberId":"2877b5448-973a-4392-936e-d528eea85ae9","name":"Arduino Mega","pret":{"$date":"2024-01-03T00:00:00Z"},"nbJour":0,"image1":"arduino.png","reserved":false,"id_user_reserved":"","is_late":false,"__v":0}
{"_id":{"$oid":"65b3b4d0242748cfc0f15d2c"},"numberId":"27217e7ac-6ea5-43a4-aeee-bd78e061d3c5","name":"Multimètre","pret":{"$date":"2024-01-02T00:00:00Z"},"nbJour":0,"image1":"multimetre.png","reserved":false,"id_user_reserved":"","is_late":false,"__v":0}
