{"_id":{"$oid":"65b11533bbd98a27c9572dad"},"admin":false,"numberId":"095e0e487-bd0b-4965-bede-8b31a2ac6938","firstName":"dçujghHUDGUG","lastName":"UHFIEUH@eiuhruigf","email":"a@a.fr","password":"$2b$10$3odq.gglLZTPZQMJXg8gvOYMKVdmLJSk0nz2122IX4lXdM410HKmS","historic":[{"_id":{"$oid":"65b258ac4a942723e0f84a26"},"numberId":"227522a23-d796-4629-a781-7fe4e3becab1","name":"Imprimante 3D","pret":{"$date":"2024-01-25T17:05:37.371Z"},"nbJour":2,"image":"","reserved":true,"id_user_reserved":"095e0e487-bd0b-4965-bede-8b31a2ac6938","is_late":false},{"_id":{"$oid":"65b2653a123ebe894eebf83f"},"numberId":"1c41361c9-604e-4820-b85c-db408a298134","quantity":"326","name":"Led 2mm Rouge","image1":"led+2mm+rouge.png","__v":0},{"_id":{"$oid":"65b26c21123ebe894eebf93d"},"numberId":"1c815380e-2fa5-41b5-a4d2-0865542533c5","quantity":"66","name":"Condensateur chimique Rouge","image1":"condensateur+chimique.png","__v":0},{"_id":{"$oid":"65b37c124a942723e0f84a36"},"numberId":"327522a23-d796-4629-a781-7fe4e3becab1","name":"Carte arduino","pret":{"$date":"2024-01-26T11:53:03.903Z"},"nbHeure":2,"image":"","reserved":false,"id_user_reserved":"095e0e487-bd0b-4965-bede-8b31a2ac6938","is_late":false}],"__v":14}
{"_id":{"$oid":"65b115b5bbd98a27c9572db1"},"admin":false,"numberId":"0293d3d1f-391a-43b2-a190-f83b84602c6f","firstName":"uigr","lastName":"fhruig","email":"uhgrug@ezguihr.fr","password":"$2b$10$uyDtz0JAXML1s.z0fY6CWeWJZ6CSxHBfoyUcAT35O.X/FQO8X9Gga","historic":[],"__v":0}
{"_id":{"$oid":"65b115f3bbd98a27c9572db5"},"admin":false,"numberId":"0e77e091d-c7ba-427d-83b4-a682514aea81","firstName":"m","lastName":"b","email":"mb@a.fr","password":"$2b$10$IohghPF5m4uRfJJ8Qwljw.8g2zagR6FlkGnRA5i6djiD8hjAeUViO","historic":[],"__v":0}
{"_id":{"$oid":"65b116c9bbd98a27c9572db9"},"admin":false,"numberId":"04a3dbdaf-9f9a-47d5-8dee-bbe8f47f12b9","firstName":"khhu","lastName":"dughu","email":"uehr@fhrg.fr","password":"$2b$10$QAvuYs9NwoH/tWQEA5yfx.sDqr7iSwCp4pUcY5Xi4e7AabHU2VIGu","historic":[],"__v":0}
{"_id":{"$oid":"65b1176bbbd98a27c9572dbe"},"admin":false,"numberId":"0d806dfeb-5a85-4779-b098-a86ac2ffa445","firstName":"m","lastName":"b","email":"legrandmathis@a.fr","password":"$2b$10$EigbIPPp8GJOYrJxC1ZnqOVoygdm6Yl/kPNrcE6bnEmeAbaqa/acy","historic":[],"__v":0}
{"_id":{"$oid":"65b258ac4a942723e0f84a26"},"numberId":"095e0e487-bd0b-4965-bede-8b31a2ac6939","admin":false,"firstName":"oui","lastName":"non","email":"mathis.billiard@student.junia.com","password":"$2b$10$3odq.gglLZTPZQMJXg8gvOYMKVdmLJSk0nz2122IX4lXdM410HKmS","historic":[{"date":"2022-01-01","nomObjet":"Objet 1","quantite":17}]}
{"_id":{"$oid":"65b368bda6c4d920004ed75b"},"admin":false,"numberId":"0b9edfc0a-24cd-4bf5-9e73-16c94fcddaf7","firstName":"admin","lastName":"admin","email":"admin@admin.fr","password":"$2b$10$M4VlCBpDUSrC6pk1Kx4qwumqrBwJQvi1XH/xo1ZTfyOXXxqKUmsZa","historic":[],"__v":0}
{"_id":{"$oid":"65b36d73ff2589f9f44ea4f4"},"admin":true,"numberId":"01cb83bbe-123f-454c-8f88-5aeeaf08c20c","firstName":"a","lastName":"a","email":"a@gmail.com","password":"$2b$10$F0DXjePsCs1R8bG6E1Z4bOFBmrMLFfOqxPbe2wblsg43RlVpFXQMC","historic":[],"__v":0}
{"_id":{"$oid":"65b37175ff2589f9f44ea54f"},"admin":true,"numberId":"038ffb927-31ed-4eec-af5b-7d24153558cb","firstName":"Matthieu","lastName":"Baum","email":"Mattbaum288@gmail.com","password":"$2b$10$ER/87d6u8czOX18SORp9MuAaCWbFd5IrQ.0OsXf.YFa2fH.ZaoGGC","historic":[],"__v":0}
{"_id":{"$oid":"65b37852288ffe3aa1a9cbc8"},"admin":false,"numberId":"0edbd9aaa-1660-4351-922b-0a29aa40746f","firstName":",nhb","lastName":"kjhb","email":"jhgt@jhghj.cloiuyh","password":"$2b$10$cT85ULKWWqcfBGY4J1tIgeMcTaqvVdlMlmg7sTiWvQDYcIbHbcRN6","historic":[],"__v":0}
{"_id":{"$oid":"65b37f77204075f8581a37b5"},"admin":false,"numberId":"00fbda043-f4fc-4d8d-bacb-bba497d54dc9","firstName":"Rémi","lastName":"Degraeve","email":"remi.degraeve@student.junia.com","password":"$2b$10$GOJWE.ZGylOMhw.JqdUzQO1DfgcVuEodzCTw8DhHqTQpEB4C/8XkC","historic":[],"__v":0}
{"_id":{"$oid":"65b380dc204075f8581a37ff"},"admin":false,"numberId":"0882fd5cd-b924-4b03-acd6-ea91966fe7d7","firstName":"Rémi","lastName":"Degraeve","email":"rem.degraeve@gmail.com","password":"$2b$10$VsHRuPkWxuRqge/fD..FVeSgGugL.YQ.fNp5rwJd0F1Qm6BNO/Tk2","historic":[],"__v":0}
{"_id":{"$oid":"65b38143204075f8581a3821"},"admin":false,"numberId":"0734ba3f0-ad66-4a9d-90db-29b4f42560f5","firstName":"tt","lastName":"JHGVBN","email":"?KJH@KJHG.JHG","password":"$2b$10$Sf6X66/OUR1KJP.EN1e5rOFk.NfL.wlPgJKTPA2xvbM93sJml0jf.","historic":[],"__v":0}
{"_id":{"$oid":"65b382e4204075f8581a38b2"},"admin":false,"numberId":"0dddbb2fe-00cf-43f0-b7d8-db8a93522f2c","firstName":"a","lastName":"a","email":"aa@gmail.com","password":"$2b$10$fRGmgUVDBhp1cGXdOdpo6e29iPpxJWTcBhQOJ8gcwvA642KKxUJHG","historic":[],"__v":0}
{"_id":{"$oid":"65b384fc87d3921000ec2e2f"},"admin":false,"numberId":"0d855bbe9-71ce-403b-b626-840622b285f0","firstName":"AA","lastName":"1221122","email":"AAAA@gmail.com","password":"$2b$10$UvJMoAtfU2i2TZ1nwGPuPuup2r/feQbnAPFM2MW7n7Dk7jaBC/YvW","historic":[{"_id":{"$oid":"65b2634396bfb9e803739fd7"},"numberId":"1adb40cde-8337-4b86-84e3-90b068f1e756","quantity":"7","name":"Thermometre dig","image1":"Thermometre-dig.png","__v":0},{"_id":{"$oid":"65b3b45a918620d487fef3d7"},"numberId":"2e1fb77ff-780d-4617-bd25-4fdd7f4b6ca1","name":"Raspberry PI","pret":{"$date":"2024-01-26T15:00:28.193Z"},"nbJour":1,"image1":"raspberrypi.png","reserved":true,"id_user_reserved":"0d855bbe9-71ce-403b-b626-840622b285f0","is_late":false,"__v":0}],"__v":2}
{"_id":{"$oid":"65b38b8948c6bf608bf37299"},"admin":true,"numberId":"07deec0cb-1a42-4f3e-9c83-41164581e145","firstName":"Nolan","lastName":"Vitse","email":"nolan.vitse@teacher.junia.com","password":"$2b$10$t7HOSVnzSB5aF4a7mRq2uOsoAjZY8zU6p740q4Y9yd1AH4ipA4G8S","historic":[],"__v":0}
{"_id":{"$oid":"65b38ce548c6bf608bf372af"},"admin":false,"numberId":"02f16c63d-c1b6-46a7-9ae7-318ea34e9da0","firstName":"wilfried","lastName":"billiard","email":"wiloup@louping.fr","password":"$2b$10$anEAYy2AdbvQ32tf4C3Pvu5534k43PDYCggy0sB96c9rS4FYbvXY.","historic":[{"_id":{"$oid":"65b3b45a918620d487fef3d7"},"numberId":"2e1fb77ff-780d-4617-bd25-4fdd7f4b6ca1","name":"Raspberry PI","pret":{"$date":"2024-01-26T13:56:21.783Z"},"nbJour":1,"image1":"raspberrypi.png","reserved":true,"id_user_reserved":"02f16c63d-c1b6-46a7-9ae7-318ea34e9da0","is_late":false,"__v":0}],"__v":1}
{"_id":{"$oid":"65b3af17fa06cb2d58732144"},"admin":false,"numberId":"0487c1052-00ff-45a2-974c-493cbe36b4e0","firstName":"aeeaeaea","lastName":"a@a.fr","email":"assa@gmail.com","password":"$2b$10$N1twXmlmGmYT82y0FItngOQbb/cxfmTTn6XwHC4q7PEYfmLbZWUN2","historic":[],"__v":0}
{"_id":{"$oid":"65b3bf82a7fb460aa2e43230"},"admin":true,"numberId":"081720626-c4f5-48cd-8491-7845a1054335","firstName":"admin","lastName":"admin","email":"admin@gmail.com","password":"$2b$10$ooa4mj9waTmgwcj4apQJW.DHsVI.THyQPwrFgKxYCZxORWZeqEVHe","historic":[],"__v":0}
